{
    "Entities": [
        {
            "ID": 0,
            "Transform": {
                "Rotation": [
                    0.04177962616086006,
                    0.6839354634284973,
                    -0.044409703463315964,
                    0.7269900441169739
                ],
                "Scale": [
                    1.0,
                    1.0,
                    1.0
                ],
                "Translation": [
                    0.0,
                    0.0,
                    -5.0
                ]
            }
        },
        {
            "ID": 1,
            "Sprite": {
                "Color": [
                    0.3400000035762787,
                    0.0,
                    0.6899999976158142,
                    0.800000011920929
                ]
            },
            "Transform": {
                "Rotation": [
                    1.0,
                    0.0,
                    0.0,
                    0.0
                ],
                "Scale": [
                    0.10000000149011612,
                    0.10000000149011612,
                    0.10000000149011612
                ],
                "Translation": [
                    -1.559000015258789,
                    -0.43299996852874756,
                    0.0
                ]
            }
        },
        {
            "ID": 2,
            "Sprite": {
                "Color": [
                    0.5799999833106995,
                    0.6200000047683716,
                    0.6399999856948853,
                    0.800000011920929
                ]
            },
            "Transform": {
                "Rotation": [
                    1.0,
                    0.0,
                    0.0,
                    0.0
                ],
                "Scale": [
                    0.10000000149011612,
                    0.10000000149011612,
                    0.10000000149011612
                ],
                "Translation": [
                    1.3240000009536743,
                    -0.22200000286102295,
                    0.0
                ]
            }
        },
        {
            "ID": 3,
            "Sprite": {
                "Color": [
                    0.8100000023841858,
                    0.27000001072883606,
                    0.6100000143051147,
                    0.800000011920929
                ]
            },
            "Transform": {
                "Rotation": [
                    1.0,
                    0.0,
                    0.0,
                    0.0
                ],
                "Scale": [
                    0.10000000149011612,
                    0.10000000149011612,
                    0.10000000149011612
                ],
                "Translation": [
                    0.9050000905990601,
                    0.24500000476837158,
                    0.0
                ]
            }
        },
        {
            "ID": 4,
            "Sprite": {
                "Color": [
                    0.41999998688697815,
                    0.27000001072883606,
                    0.36000001430511475,
                    0.800000011920929
                ]
            },
            "Transform": {
                "Rotation": [
                    1.0,
                    0.0,
                    0.0,
                    0.0
                ],
                "Scale": [
                    0.10000000149011612,
                    0.10000000149011612,
                    0.10000000149011612
                ],
                "Translation": [
                    -1.1089999675750732,
                    0.2950000762939453,
                    0.0
                ]
            }
        },
        {
            "ID": 5,
            "Sprite": {
                "Color": [
                    0.019999999552965164,
                    0.5299999713897705,
                    0.9200000166893005,
                    0.800000011920929
                ]
            },
            "Transform": {
                "Rotation": [
                    1.0,
                    0.0,
                    0.0,
                    0.0
                ],
                "Scale": [
                    0.10000000149011612,
                    0.10000000149011612,
                    0.10000000149011612
                ],
                "Translation": [
                    -1.2089999914169312,
                    -0.6959999799728394,
                    0.0
                ]
            }
        },
        {
            "ID": 6,
            "Sprite": {
                "Color": [
                    0.1599999964237213,
                    0.18000000715255737,
                    0.949999988079071,
                    0.800000011920929
                ]
            },
            "Transform": {
                "Rotation": [
                    1.0,
                    0.0,
                    0.0,
                    0.0
                ],
                "Scale": [
                    0.10000000149011612,
                    0.10000000149011612,
                    0.10000000149011612
                ],
                "Translation": [
                    1.1820000410079956,
                    0.32099997997283936,
                    0.0
                ]
            }
        },
        {
            "ID": 7,
            "Sprite": {
                "Color": [
                    0.7099999785423279,
                    0.3799999952316284,
                    0.6899999976158142,
                    0.800000011920929
                ]
            },
            "Transform": {
                "Rotation": [
                    1.0,
                    0.0,
                    0.0,
                    0.0
                ],
                "Scale": [
                    0.10000000149011612,
                    0.10000000149011612,
                    0.10000000149011612
                ],
                "Translation": [
                    0.6469999551773071,
                    -0.7739999890327454,
                    0.0
                ]
            }
        },
        {
            "ID": 8,
            "Sprite": {
                "Color": [
                    0.9900000095367432,
                    0.3499999940395355,
                    0.9399999976158142,
                    0.800000011920929
                ]
            },
            "Transform": {
                "Rotation": [
                    1.0,
                    0.0,
                    0.0,
                    0.0
                ],
                "Scale": [
                    0.10000000149011612,
                    0.10000000149011612,
                    0.10000000149011612
                ],
                "Translation": [
                    -0.8880000114440918,
                    -0.43299996852874756,
                    0.0
                ]
            }
        },
        {
            "ID": 9,
            "Sprite": {
                "Color": [
                    0.2199999988079071,
                    0.33000001311302185,
                    0.7300000190734863,
                    0.800000011920929
                ]
            },
            "Transform": {
                "Rotation": [
                    1.0,
                    0.0,
                    0.0,
                    0.0
                ],
                "Scale": [
                    0.10000000149011612,
                    0.10000000149011612,
                    0.10000000149011612
                ],
                "Translation": [
                    1.5029999017715454,
                    -0.48899996280670166,
                    0.0
                ]
            }
        },
        {
            "ID": 10,